{"cameraMode":{"drawMode":0,"name":"Shaded","section":"Shading Mode"},"sceneLighting":false,"audioPlay":false,"sceneViewState":{"showFog":true,"showMaterialUpdate":false,"showSkybox":false,"showFlares":true,"showImageEffects":true,"showParticleSystems":true},"in2DMode":false,"pivot":{"x":1.5367059707641602,"y":0.8895360827445984,"z":2.332186460494995},"rotation":{"x":-0.20828750729560853,"y":0.026494918391108514,"z":-0.005649695172905922,"w":-0.9777131080627441},"size":0.43219971656799319,"orthographic":false}