{"cameraMode":{"drawMode":0,"name":"Shaded","section":"Shading Mode"},"sceneLighting":false,"audioPlay":false,"sceneViewState":{"showFog":true,"showMaterialUpdate":false,"showSkybox":false,"showFlares":true,"showImageEffects":true,"showParticleSystems":true},"in2DMode":false,"pivot":{"x":2.9802322387695315e-8,"y":0.7989680171012878,"z":0.0017500221729278565},"rotation":{"x":0.07498504221439362,"y":-0.634665310382843,"z":0.0620758980512619,"w":0.7666332125663757},"size":0.5052979588508606,"orthographic":false}