{"cameraMode":{"drawMode":0,"name":"Shaded","section":"Shading Mode"},"sceneLighting":true,"audioPlay":false,"sceneViewState":{"showFog":true,"showMaterialUpdate":false,"showSkybox":true,"showFlares":true,"showImageEffects":true,"showParticleSystems":true},"in2DMode":false,"pivot":{"x":-1.9480962753295899,"y":1.753000020980835,"z":1.6890000104904175},"rotation":{"x":-0.5058969259262085,"y":-0.07093662768602371,"z":0.041762467473745349,"w":-0.8586963415145874},"size":6.943549633026123,"orthographic":false}