{"cameraMode":{"drawMode":0,"name":"Shaded","section":"Shading Mode"},"sceneLighting":false,"audioPlay":false,"sceneViewState":{"showFog":true,"showMaterialUpdate":false,"showSkybox":false,"showFlares":true,"showImageEffects":true,"showParticleSystems":true},"in2DMode":false,"pivot":{"x":0.006211340427398682,"y":1.0677855014801026,"z":0.005833327770233154},"rotation":{"x":0.1272026002407074,"y":0.51348876953125,"z":-0.07729020714759827,"w":0.8450888395309448},"size":1.7903294563293458,"orthographic":false}