{"cameraMode":{"drawMode":0,"name":"Shaded","section":"Shading Mode"},"sceneLighting":true,"audioPlay":false,"sceneViewState":{"showFog":true,"showMaterialUpdate":false,"showSkybox":true,"showFlares":true,"showImageEffects":true,"showParticleSystems":true},"in2DMode":false,"pivot":{"x":3.853717803955078,"y":0.2517009973526001,"z":2.8438518047332765},"rotation":{"x":0.5296410322189331,"y":-0.055137909948825839,"z":0.0345253087580204,"w":0.8457286357879639},"size":5.572087287902832,"orthographic":false}