{"cameraMode":{"drawMode":0,"name":"Shaded","section":"Shading Mode"},"sceneLighting":false,"audioPlay":false,"sceneViewState":{"showFog":true,"showMaterialUpdate":false,"showSkybox":false,"showFlares":true,"showImageEffects":true,"showParticleSystems":true},"in2DMode":false,"pivot":{"x":0.0,"y":0.14489410817623139,"z":0.02295127511024475},"rotation":{"x":0.276537150144577,"y":-0.04466644674539566,"z":0.012868259102106095,"w":0.9598790407180786},"size":0.46965768933296206,"orthographic":false}