{"cameraMode":{"drawMode":0,"name":"Shaded","section":"Shading Mode"},"sceneLighting":true,"audioPlay":false,"sceneViewState":{"showFog":true,"showMaterialUpdate":false,"showSkybox":true,"showFlares":true,"showImageEffects":true,"showParticleSystems":true},"in2DMode":false,"pivot":{"x":2.9802322387695315e-8,"y":0.7989680171012878,"z":0.0017500221729278565},"rotation":{"x":0.17744795978069306,"y":0.03394504636526108,"z":-0.006124382372945547,"w":0.983525276184082},"size":3.01462721824646,"orthographic":false}