{"cameraMode":{"drawMode":0,"name":"Shaded","section":"Shading Mode"},"sceneLighting":false,"audioPlay":false,"sceneViewState":{"showFog":true,"showMaterialUpdate":false,"showSkybox":false,"showFlares":true,"showImageEffects":true,"showParticleSystems":true},"in2DMode":false,"pivot":{"x":2.9802322387695315e-8,"y":0.7989680171012878,"z":0.0017500221729278565},"rotation":{"x":0.11107896268367768,"y":-0.7418161034584045,"z":0.12695570290088654,"w":0.6490446329116821},"size":1.4052979946136475,"orthographic":false}