{"cameraMode":{"drawMode":0,"name":"Shaded","section":"Shading Mode"},"sceneLighting":false,"audioPlay":false,"sceneViewState":{"showFog":true,"showMaterialUpdate":false,"showSkybox":false,"showFlares":true,"showImageEffects":true,"showParticleSystems":true},"in2DMode":false,"pivot":{"x":0.0,"y":0.16393610835075379,"z":0.07188217341899872},"rotation":{"x":-0.9318354725837708,"y":0.01085412036627531,"z":-0.027965033426880838,"w":-0.3616430163383484},"size":0.7038166522979736,"orthographic":false}