{"cameraMode":{"drawMode":0,"name":"Shaded","section":"Shading Mode"},"sceneLighting":false,"audioPlay":false,"sceneViewState":{"showFog":true,"showMaterialUpdate":false,"showSkybox":false,"showFlares":true,"showImageEffects":true,"showParticleSystems":true},"in2DMode":false,"pivot":{"x":-0.15031352639198304,"y":0.7172973155975342,"z":-0.008207365870475769},"rotation":{"x":0.18035133183002473,"y":0.34045517444610598,"z":-0.06671328842639923,"w":0.9203869104385376},"size":0.6211391687393189,"orthographic":false}