{"cameraMode":{"drawMode":0,"name":"Shaded","section":"Shading Mode"},"sceneLighting":false,"audioPlay":false,"sceneViewState":{"showFog":true,"showMaterialUpdate":false,"showSkybox":false,"showFlares":true,"showImageEffects":true,"showParticleSystems":true},"in2DMode":false,"pivot":{"x":0.0,"y":0.41991668939590456,"z":-0.09676004946231842},"rotation":{"x":0.04905320703983307,"y":-0.7645944952964783,"z":0.0586058646440506,"w":0.6399650573730469},"size":0.8091756701469421,"orthographic":true}