{"cameraMode":{"drawMode":0,"name":"Shaded","section":"Shading Mode"},"sceneLighting":false,"audioPlay":false,"sceneViewState":{"showFog":true,"showMaterialUpdate":false,"showSkybox":false,"showFlares":true,"showImageEffects":true,"showParticleSystems":true},"in2DMode":false,"pivot":{"x":0.0,"y":0.42000001668930056,"z":0.0459025502204895},"rotation":{"x":0.14272290468215943,"y":0.3605639338493347,"z":-0.055932413786649707,"w":0.9200519919395447},"size":1.0525147914886475,"orthographic":false}