{"cameraMode":{"drawMode":0,"name":"Shaded","section":"Shading Mode"},"sceneLighting":false,"audioPlay":false,"sceneViewState":{"showFog":true,"showMaterialUpdate":false,"showSkybox":false,"showFlares":true,"showImageEffects":true,"showParticleSystems":true},"in2DMode":false,"pivot":{"x":-0.362000048160553,"y":0.7599999904632568,"z":-4.470348358154297e-8},"rotation":{"x":-0.0022119360510259868,"y":-0.9875252842903137,"z":0.15683415532112122,"w":-0.013926959596574307},"size":0.3989922106266022,"orthographic":false}